epoch,time,train/box_loss,train/seg_loss,train/cls_loss,train/dfl_loss,metrics/precision(B),metrics/recall(B),metrics/mAP50(B),metrics/mAP50-95(B),metrics/precision(M),metrics/recall(M),metrics/mAP50(M),metrics/mAP50-95(M),val/box_loss,val/seg_loss,val/cls_loss,val/dfl_loss,lr/pg0,lr/pg1,lr/pg2
1,6.09162,1.54393,2.11038,2.80069,1.35856,0.5207,0.11688,0.16062,0.08612,0.10617,0.02597,0.03522,0.01046,1.2002,2.0469,2.9708,1.22165,0.000655738,0.000655738,0.000655738
2,11.457,1.34311,1.70717,1.83605,1.21789,0.36407,0.49351,0.32609,0.15574,0.21025,0.33766,0.13128,0.05543,1.41565,1.72735,2.35175,1.29373,0.00129622,0.00129622,0.00129622
3,16.5928,1.31992,1.60256,1.67982,1.19251,0.69087,0.54545,0.62278,0.37652,0.65375,0.45455,0.47766,0.2021,1.51967,1.54162,1.9057,1.4573,0.0019103,0.0019103,0.0019103
4,21.2256,1.31046,1.37752,1.57385,1.19231,0.77002,0.61039,0.64909,0.36918,0.50655,0.53247,0.37173,0.15178,1.32544,1.5309,2.00342,1.24766,0.0018812,0.0018812,0.0018812
5,26.4547,1.31178,1.54065,1.59824,1.17582,0.76888,0.58442,0.61487,0.33956,0.68841,0.50649,0.48435,0.17201,1.53792,1.36912,1.83904,1.29079,0.0018416,0.0018416,0.0018416
6,30.9425,1.2308,1.29194,1.43965,1.14149,0.79347,0.67532,0.72493,0.46362,0.7225,0.55844,0.61675,0.28525,1.22091,1.42857,1.39398,1.12463,0.001802,0.001802,0.001802
7,35.4371,1.24733,1.3274,1.33394,1.15522,0.75014,0.63636,0.71583,0.46397,0.68281,0.58712,0.62749,0.26125,1.24414,1.26553,1.45419,1.11237,0.0017624,0.0017624,0.0017624
8,39.9463,1.17054,1.10368,1.23815,1.10281,0.76584,0.67964,0.73429,0.50534,0.9354,0.58442,0.7102,0.33073,1.16612,1.21356,1.36089,1.1168,0.0017228,0.0017228,0.0017228
9,44.6337,1.09004,1.19092,1.12516,1.0676,0.76376,0.66234,0.7277,0.51172,0.7916,0.62338,0.69669,0.3261,1.13527,1.18979,1.24016,1.08795,0.0016832,0.0016832,0.0016832
10,49.4772,1.08815,1.19843,1.15153,1.09426,0.85305,0.67857,0.75947,0.52704,0.7246,0.58093,0.57758,0.26715,1.07879,1.12643,1.11902,1.08128,0.0016436,0.0016436,0.0016436
11,54.271,1.05812,1.14122,1.10325,1.0794,0.76935,0.7013,0.76102,0.56092,0.78406,0.66018,0.71274,0.32318,1.06921,1.2721,1.13343,1.07716,0.001604,0.001604,0.001604
12,59.7901,1.06096,1.23261,1.07596,1.06816,0.88747,0.71429,0.80193,0.55345,0.91362,0.66234,0.76214,0.31347,1.08451,1.19321,1.09696,1.07691,0.0015644,0.0015644,0.0015644
13,65.1351,1.06206,1.22596,1.06423,1.0868,0.8893,0.62604,0.76025,0.53125,0.82932,0.5974,0.66852,0.32999,1.06394,1.1741,1.10021,1.08768,0.0015248,0.0015248,0.0015248
14,70.9657,1.08783,1.25522,1.05795,1.09459,0.83935,0.75325,0.80202,0.59212,0.96197,0.65706,0.76504,0.36376,1.04133,1.18304,0.97708,1.0642,0.0014852,0.0014852,0.0014852
15,76.146,0.97963,1.17362,0.97031,1.06629,0.77581,0.74026,0.77346,0.55684,0.7979,0.6666,0.73244,0.41014,1.10236,1.23639,0.98046,1.10252,0.0014456,0.0014456,0.0014456
16,80.9667,0.99071,1.14569,0.99388,1.05612,0.82127,0.77582,0.81931,0.60697,0.96175,0.61039,0.75525,0.35546,0.9256,1.06624,0.94696,1.01165,0.001406,0.001406,0.001406
17,85.9663,1.00281,1.13121,0.96304,1.05535,0.82856,0.7532,0.79204,0.52877,0.86413,0.66081,0.75571,0.33536,1.0504,1.07499,0.99977,1.08772,0.0013664,0.0013664,0.0013664
18,90.8161,1.0134,1.10579,0.96749,1.03946,0.91477,0.69695,0.77626,0.57419,0.8809,0.67242,0.73217,0.37818,1.01598,1.07496,0.95198,1.0724,0.0013268,0.0013268,0.0013268
19,95.6132,0.99093,1.03364,0.90067,1.05439,0.77279,0.79513,0.79506,0.56936,0.84296,0.62747,0.73714,0.35784,1.00986,1.11942,0.91015,1.09326,0.0012872,0.0012872,0.0012872
20,100.779,1.02807,1.10904,0.96317,1.06394,0.80119,0.78508,0.8222,0.59176,0.81937,0.70698,0.74283,0.41681,0.98793,1.07959,0.93476,1.10927,0.0012476,0.0012476,0.0012476
21,105.679,0.93069,1.03805,0.85684,1.01821,0.8272,0.75325,0.81279,0.6044,0.78361,0.71429,0.77026,0.37713,0.9224,1.04577,0.9005,1.06825,0.001208,0.001208,0.001208
22,110.264,0.9713,1.08775,0.86692,1.04865,0.94674,0.68831,0.85302,0.62845,0.78608,0.76361,0.79823,0.39223,0.95672,1.03158,0.80992,1.07728,0.0011684,0.0011684,0.0011684
23,114.826,0.92868,1.07033,0.86309,1.01124,0.77935,0.7798,0.816,0.61076,0.85465,0.7013,0.76926,0.39178,0.94267,1.05035,0.85216,1.07162,0.0011288,0.0011288,0.0011288
24,119.408,0.89157,0.94883,0.8438,1.00548,0.87668,0.73863,0.81513,0.61058,0.86127,0.72565,0.78481,0.39896,0.97407,1.04318,0.8483,1.03704,0.0010892,0.0010892,0.0010892
25,123.962,0.91995,0.99916,0.85307,1.02316,0.94976,0.74026,0.83635,0.59507,0.90099,0.70911,0.78911,0.38724,1.00377,1.03925,0.83427,1.08321,0.0010496,0.0010496,0.0010496
26,128.713,0.93491,1.01802,0.88059,1.02889,0.78916,0.75325,0.8094,0.6081,0.81799,0.7004,0.76734,0.37921,0.97382,1.02288,0.91131,1.06606,0.00101,0.00101,0.00101
27,133.74,0.89075,1.00586,0.81517,0.99336,0.89113,0.72727,0.84455,0.62411,0.85937,0.71429,0.7979,0.39763,0.91648,1.01244,0.88088,1.00698,0.0009704,0.0009704,0.0009704
28,138.393,0.91297,0.97858,0.80637,1.01655,0.8075,0.83117,0.83707,0.61891,0.88053,0.68831,0.78946,0.42463,0.92929,1.0492,0.79705,1.02483,0.0009308,0.0009308,0.0009308
29,142.993,0.89873,1.00249,0.85106,1.01556,0.88813,0.72177,0.8186,0.62963,0.8566,0.69821,0.78368,0.41531,0.83944,1.03737,0.79947,0.99371,0.0008912,0.0008912,0.0008912
30,147.64,0.8202,0.88924,0.7808,0.97518,0.85895,0.79088,0.83754,0.62766,0.85258,0.74026,0.79508,0.4297,0.86821,1.00383,0.79292,1.0115,0.0008516,0.0008516,0.0008516
31,152.476,0.9641,1.03155,0.84332,1.04224,0.90857,0.68831,0.8189,0.63423,0.89143,0.67532,0.76498,0.39298,0.86626,1.06219,0.7928,1.01376,0.000812,0.000812,0.000812
32,157.461,0.79429,0.90608,0.71585,0.96989,0.77115,0.76623,0.81281,0.64265,0.90485,0.64935,0.76423,0.39484,0.80351,1.00049,0.79141,0.98977,0.0007724,0.0007724,0.0007724
33,162.329,0.79992,0.95081,0.70825,0.97658,0.8521,0.71429,0.82246,0.64101,0.88459,0.69684,0.77966,0.41795,0.83169,1.00949,0.74044,0.97921,0.0007328,0.0007328,0.0007328
34,166.882,0.81001,0.87771,0.70615,0.96757,0.90269,0.74026,0.83862,0.62966,0.77227,0.79277,0.78898,0.42934,0.89385,1.05299,0.7343,1.02334,0.0006932,0.0006932,0.0006932
35,171.983,0.79501,0.84885,0.681,0.94744,0.85268,0.79221,0.83463,0.6458,0.79632,0.74026,0.74813,0.41834,0.86616,1.03825,0.72298,1.01842,0.0006536,0.0006536,0.0006536
36,177.366,0.81993,0.90676,0.69064,0.96612,0.83387,0.80519,0.83151,0.63869,0.8198,0.79221,0.79876,0.41913,0.90162,1.0545,0.72097,1.03337,0.000614,0.000614,0.000614
37,182.078,0.75843,0.92095,0.70083,0.95877,0.84869,0.79221,0.82941,0.6489,0.83478,0.77922,0.80823,0.43698,0.85615,1.01002,0.73391,1.01534,0.0005744,0.0005744,0.0005744
38,186.784,0.76413,0.88163,0.67124,0.96983,0.83516,0.78959,0.82156,0.63146,0.82142,0.7766,0.81664,0.42561,0.89778,1.03073,0.75294,1.02202,0.0005348,0.0005348,0.0005348
39,192.234,0.74153,0.86606,0.67271,0.94574,0.86311,0.77922,0.81859,0.63423,0.86012,0.74026,0.80187,0.39639,0.85639,1.05177,0.77403,1.02467,0.0004952,0.0004952,0.0004952
40,197.64,0.81798,0.94301,0.71128,0.97257,0.90214,0.72727,0.83057,0.65028,0.7875,0.76623,0.80191,0.43254,0.8084,0.98164,0.74099,0.97099,0.0004556,0.0004556,0.0004556
41,219.134,0.74394,0.77424,0.67928,0.96772,0.90736,0.76325,0.84699,0.65536,0.87658,0.73797,0.805,0.45068,0.80062,0.96072,0.6492,0.98912,0.000416,0.000416,0.000416
42,223.89,0.74371,0.74916,0.68101,0.95552,0.8363,0.83117,0.84681,0.64782,0.79688,0.79221,0.80625,0.41502,0.83479,1.01425,0.67124,1.015,0.0003764,0.0003764,0.0003764
43,228.596,0.75663,0.76522,0.66746,0.98506,0.81294,0.79019,0.81105,0.64452,0.88837,0.72353,0.79598,0.42992,0.84211,1.04891,0.76759,1.01,0.0003368,0.0003368,0.0003368
44,233.146,0.73027,0.83009,0.6574,0.9568,0.81797,0.79221,0.80869,0.64609,0.80377,0.77922,0.79604,0.45,0.84015,1.01383,0.82512,1.00871,0.0002972,0.0002972,0.0002972
45,237.647,0.72392,0.71731,0.65192,0.9629,0.82096,0.77922,0.8152,0.66604,0.92851,0.67532,0.78435,0.44274,0.80056,1.03271,0.75041,0.98071,0.0002576,0.0002576,0.0002576
46,242.154,0.72191,0.72778,0.64456,0.97296,0.83489,0.76623,0.81555,0.67738,0.85499,0.68915,0.77557,0.45295,0.81289,1.02672,0.71994,0.9781,0.000218,0.000218,0.000218
47,246.674,0.67896,0.70599,0.63524,0.93573,0.8674,0.76623,0.83795,0.66551,0.862,0.73015,0.79967,0.44656,0.82995,0.99817,0.74326,1.00244,0.0001784,0.0001784,0.0001784
48,251.222,0.71274,0.70239,0.62803,0.95952,0.84336,0.76918,0.83346,0.66988,0.94351,0.68831,0.79162,0.44714,0.81731,0.99714,0.76632,0.99778,0.0001388,0.0001388,0.0001388
49,255.847,0.71214,0.74195,0.63984,0.97147,0.84128,0.75726,0.82723,0.67364,0.84033,0.75188,0.79061,0.44396,0.77844,1.02381,0.76055,0.98005,9.92e-05,9.92e-05,9.92e-05
50,260.389,0.66999,0.75203,0.63855,0.93557,0.84333,0.75325,0.82072,0.67357,0.84333,0.75325,0.79184,0.44539,0.76489,1.0133,0.75274,0.97398,5.96e-05,5.96e-05,5.96e-05
